{
  "deit": {
    "val_acc": 0.536042944785276,
    "val_f1": 0.5357049779263184
  }
}