{
  "deit": {
    "val_acc": 0.8113207547169812,
    "val_f1": 0.8036020583190395
  }
}