{
  "deit": {
    "val_acc": 0.9611650485436893,
    "val_f1": 0.9595469255663431
  }
}