{
  "deit": {
    "val_acc": 0.5645067133683596,
    "val_f1": 0.5185613403462621
  }
}